Ticker,Sector,Score,Rating,Cobertura,Q,Val,Gro,Saf,Mom,Inc,pe,forward_pe,pb,ev_ebitda,roe,profit_margin,revenue_growth,earnings_growth,debt_to_equity,dividend_yield,Mom%
ONDS,Technology,9.49,Fuerte,5/6,9.3,7.7,9.9,9.8,9.7,,89.111115,-160.40001,3.5021837,-32.454,0.42948002,2.5192,10.799,,0.728,,588.5
SNDK,Technology,8.91,Fuerte,5/6,8.5,4.8,9.6,9.1,10.0,,70.0509,11.038213,22.026361,54.347,0.39297,0.34185,2.51,,1.503,,3637.6
MU,Technology,8.46,Fuerte,6/6,9.5,6.7,9.9,8.1,9.9,1.3,25.870342,7.665633,17.828978,18.457,0.66638,0.55906,3.457,13.685,6.33,0.05,680.2
CEPU,Utilities,8.43,Fuerte,5/6,9.0,8.6,7.5,7.5,10.0,,7.4285717,9.036812,1.2575932,1.153,0.19266,0.3667,0.631,1.271,27.327,,32.9
NBIS,Communication Services,8.37,Fuerte,5/6,7.9,1.9,10.0,6.5,10.0,,100.44231,722.9666,9.236727,-1600.006,0.14136,0.93086,6.839,,132.429,,317.7
SATL,Industrials,8.34,Fuerte,4/6,2.3,,10.0,8.8,9.7,,,-58.75,-31.685392,-33.273,,0.0,0.803,,,,162.7
EWZ,,8.25,Fuerte,3/6,,9.0,,,8.0,8.0,12.485621,,0.9445902,,,,,,,4.59,32.1
MUX,Basic Materials,8.25,Fuerte,5/6,7.1,5.9,9.4,5.3,9.7,,15.194916,4.3256936,1.6277803,37.72,0.13091,0.31404,1.074,,19.651,,127.8
IRS,Real Estate,8.23,Fuerte,6/6,9.0,7.3,10.0,4.5,6.0,10.0,4.84164,28.135656,0.87627614,3.927,0.22481,0.72512,0.293,,44.648,15.41,9.3
B,Basic Materials,8.21,Fuerte,6/6,8.5,6.6,8.9,8.2,8.9,5.7,9.981081,8.042282,2.2632837,5.923,0.25176,0.32141,0.667,2.542,12.852,1.88,109.0
MRNA,Healthcare,8.16,Fuerte,5/6,1.7,6.8,10.0,9.2,10.0,,,-16.616602,3.7352624,-9.911,-0.36556998,-1.4355099,2.602,,17.522,,73.7
CDE,Basic Materials,8.11,Fuerte,6/6,6.7,6.0,10.0,9.2,9.5,2.1,13.169354,8.004902,1.6224542,12.085,0.12146,0.31146,1.378,4.833,7.426,0.25,118.3
CAAP,Industrials,8.03,Fuerte,5/6,6.4,8.8,8.9,7.7,7.6,,14.793103,11.299237,2.3270953,6.056,0.17448,0.13841,0.201,0.88,58.138,,31.0
IEMG,,8.0,Fuerte,3/6,,8.0,,,10.0,4.0,17.717394,,1.2656208,,,,,,,2.21,41.5
EEM,,8.0,Fuerte,3/6,,8.0,,,10.0,4.0,17.854893,,1.2831296,,,,,,,1.77,44.7
MFG,Financial Services,7.97,Fuerte,6/6,5.6,8.3,9.1,8.0,9.1,5.0,15.451612,6.8920865,1.6533164,,0.11439,0.28366,0.167,6.799,,1.89,61.3
ALAB,Technology,7.78,Fuerte,5/6,6.6,1.6,8.6,9.4,9.5,,306.01343,105.85651,52.277,282.815,0.21110001,0.26724002,0.934,1.444,2.801,,276.7
PAM,Industrials,7.76,Fuerte,5/6,5.9,9.4,9.1,8.8,5.5,,9.927273,5.810699,1.1792657,7.187,0.121029995,0.20306,0.384,0.399,50.435,,21.2
ILF,,7.75,Fuerte,3/6,,9.0,,,8.0,6.0,12.794154,,1.273569,,,,,,,3.83,38.9
HL,Basic Materials,7.7,Fuerte,6/6,6.7,4.1,9.1,9.2,10.0,1.7,22.31884,13.01632,4.0177407,11.525,0.19894,0.16806999,1.004,,11.091,0.1,197.0
RKLB,Industrials,7.67,Fuerte,5/6,1.7,2.7,9.7,9.8,10.0,,,-5578.2583,24.919909,-289.284,-0.13549,-0.26872,0.635,,6.124,,305.5
MO,Consumer Defensive,7.64,Fuerte,6/6,10.0,8.8,7.2,1.8,7.8,10.0,15.455114,12.597313,-38.517166,9.143,,0.39518002,0.053,1.063,,5.75,24.6
GFI,Basic Materials,7.59,Fuerte,6/6,10.0,4.9,8.6,5.0,5.6,9.6,8.454315,5.896066,7.066186,11.925,0.51931,0.40764,0.714,1.961,37.143,6.92,73.3
COPX,,7.5,Fuerte,3/6,,6.0,,,10.0,4.0,17.469297,,,,,,,,,2.18,100.2
GDX,,7.5,Fuerte,3/6,,8.0,,,10.0,2.0,14.4698,,,,,,,,,0.71,73.1
EWJ,,7.5,Fuerte,3/6,,8.0,,,8.0,6.0,19.157228,,1.3785403,,,,,,,3.92,28.6
BMNR,Financial Services,7.49,Bueno,6/6,1.4,7.3,10.0,9.7,9.6,1.5,,14.675532,0.69116694,-21.46,-1.75882,0.0,6.278,,0.013,0.07,351.9
LLY,Healthcare,7.49,Bueno,6/6,9.7,1.8,9.8,4.8,8.7,1.9,43.6643,27.635742,35.202053,30.8,1.07459,0.34986,0.555,1.699,139.015,0.57,43.5
AGRO,Consumer Defensive,7.45,Bueno,6/6,2.4,9.0,9.2,7.8,8.9,4.4,482.5,7.716604,0.7928683,11.713,0.010930001,0.00914,0.225,0.556,116.268,3.15,33.9
AMZN,Consumer Cyclical,7.45,Bueno,5/6,7.2,3.9,8.5,6.5,8.0,,32.672108,24.30434,5.8438177,16.653,0.24285,0.12224,0.166,0.748,53.3,,21.2
RGTI,Technology,7.41,Bueno,5/6,1.8,5.0,9.5,9.7,8.1,,,-96.66352,11.070615,-71.121,-0.57092,0.0,1.989,,1.162,,115.3
UGP,Energy,7.41,Bueno,6/6,5.7,7.9,8.2,5.3,7.0,9.6,9.2,8.716623,1.6923797,2.884,0.19181,0.020550001,0.103,1.674,114.113,6.37,57.9
PLTR,Technology,7.37,Bueno,5/6,8.3,2.2,9.0,9.3,5.4,,130.0,55.569695,32.822693,130.321,0.32587,0.43673,0.847,3.25,2.477,,19.7
GOOGL,Communication Services,7.35,Bueno,6/6,9.5,2.7,8.1,7.8,9.4,1.7,26.95503,24.300047,8.949992,25.148,0.38884997,0.37919,0.218,0.82,20.026,0.26,113.5
ROST,Consumer Cyclical,7.34,Bueno,6/6,7.5,3.5,8.5,7.3,10.0,1.7,29.166203,24.43548,10.632893,20.112,0.38981998,0.097399995,0.206,0.374,74.911,0.84,82.9
KGC,Basic Materials,7.33,Bueno,6/6,9.4,6.7,7.8,8.3,7.3,2.4,10.112766,6.934252,3.1191757,5.577,0.35467,0.35988,0.608,1.339,8.204,0.6,93.9
NVDA,Technology,7.33,Bueno,6/6,9.9,5.0,8.7,8.1,5.8,3.2,29.85758,15.274478,24.159853,27.906,1.14288,0.62966,0.852,2.145,6.555,0.52,33.9
GOOG,Communication Services,7.32,Bueno,6/6,9.5,3.0,8.1,7.8,9.1,1.7,26.774391,24.1372,8.890014,24.946,0.38884997,0.37919,0.218,0.82,20.026,0.26,111.6
PAAS,Basic Materials,7.31,Bueno,6/6,7.8,5.3,7.4,8.0,8.6,5.0,14.091482,8.82109,2.5598853,9.446,0.20796,0.3165,0.493,1.316,11.489,1.36,101.9
FSLR,Technology,7.3,Bueno,5/6,7.0,8.6,6.8,7.9,7.5,,15.029052,9.954116,2.5322516,10.494,0.18436001,0.30731001,0.236,0.651,5.943,,85.3
NU,Financial Services,7.29,Bueno,5/6,9.4,4.5,8.9,8.0,4.0,,20.2,11.395393,5.0714564,,0.30055,0.41924,0.437,0.559,,,-0.9
ASTS,Technology,7.26,Bueno,5/6,2.0,4.6,10.0,6.3,8.2,,,-422.85574,12.454428,-69.182,-0.37750998,0.0,19.522,,112.424,,129.8
XLE,,7.25,Bueno,3/6,,7.0,,,8.0,6.0,20.022223,,1.0281109,,,,,,,2.65,35.1
LVS,Consumer Cyclical,7.24,Bueno,6/6,8.9,5.1,8.8,1.7,7.8,5.5,17.11808,12.62794,25.672384,9.127,0.90455,0.13406,0.253,0.73,981.405,2.33,18.6
BBVA,Financial Services,7.22,Bueno,6/6,7.9,6.3,5.5,8.0,8.9,9.1,11.937198,10.324915,2.265333,,0.19042999,0.33124,0.119,0.133,,4.42,59.8
C,Financial Services,7.2,Bueno,6/6,3.5,7.4,8.4,9.0,8.6,4.0,17.616812,11.357995,1.2699488,,0.07649,0.20356001,0.159,0.561,,1.69,52.6
HUT,Financial Services,7.17,Bueno,5/6,1.4,2.5,9.8,5.5,10.0,,,-63.6716,9.646818,-34.582,-0.27396,-1.09774,2.255,,25.022,,571.1
SAN,Financial Services,7.16,Bueno,6/6,7.1,6.8,6.7,8.0,8.4,5.8,13.65,10.429161,1.6779466,,0.12886,0.34098998,0.046,0.674,,2.08,52.2
AMD,Technology,7.11,Bueno,5/6,4.3,3.2,7.9,8.0,9.3,,178.0495,40.969307,13.641742,113.326,0.08063,0.13374,0.378,0.912,6.005,,258.9
ARCO,Consumer Cyclical,7.1,Bueno,6/6,6.3,7.9,8.3,1.9,7.7,7.6,7.306306,9.42322,2.2032056,6.13,0.36284,0.048639998,0.129,1.594,278.651,3.36,14.7
CLS,Technology,7.1,Bueno,5/6,6.2,4.3,8.4,4.0,8.4,,41.63131,22.930216,18.801971,28.523,0.52454,0.069520004,0.528,1.473,44.881,,146.9
ROKU,Communication Services,7.06,Bueno,5/6,3.5,2.3,8.8,8.8,8.2,,101.13333,37.04216,7.5435104,46.287,0.07755,0.04058,0.224,,18.761,,48.1
UAL,Industrials,7.05,Bueno,5/6,5.6,8.6,7.8,3.3,7.9,,12.102955,9.439357,2.764113,7.734,0.25726998,0.06061,0.106,0.845,195.081,,44.2
NVO,Healthcare,7.03,Bueno,6/6,9.7,6.8,9.1,3.8,2.3,8.7,11.620193,14.718033,6.958546,1.946,0.71402,0.37205002,0.24,0.671,72.086,3.75,-30.3
EBAY,Consumer Cyclical,7.03,Bueno,6/6,8.8,4.3,7.5,5.2,9.0,3.6,25.588915,16.383238,11.200971,17.189,0.42875,0.17615,0.195,0.071,163.327,1.15,48.6
SLV,,7.0,Bueno,3/6,,8.0,,,10.0,0.0,,,2.4676785,,,,,,,0.0,108.3
EWY,,7.0,Bueno,3/6,,6.0,,,10.0,2.0,20.009916,,2.239544,,,,,,,0.99,197.5
VEA,,7.0,Bueno,3/6,,6.0,,,8.0,6.0,18.286457,,,,,,,,,2.61,28.9
LYG,Financial Services,7.0,Bueno,6/6,5.0,7.4,7.0,8.0,7.4,7.7,14.400001,10.826051,1.3106829,,0.10784,0.26495,0.115,0.447,,3.51,33.9
ICLN,,7.0,Bueno,3/6,,6.0,,,10.0,2.0,18.56173,,,,,,,,,1.14,82.4
TSM,Technology,6.99,Bueno,6/6,8.7,5.2,7.4,6.6,7.4,4.3,39.43674,22.612013,102.51733,5.494,0.3621,0.46505,0.351,0.584,18.447,0.88,84.7
VIST,Energy,6.97,Bueno,5/6,9.8,7.2,7.6,1.9,6.2,,9.362974,6.09185,2.5990372,5.625,0.3508,0.25648,0.973,0.19,145.057,,53.8
HSY,Consumer Defensive,6.97,Bueno,6/6,6.0,4.6,8.8,5.8,7.4,4.8,33.79795,18.262177,7.7768016,18.195,0.23234,0.09125,0.106,0.936,120.011,3.24,20.4
YPF,Energy,6.89,Bueno,5/6,1.6,8.8,9.2,3.1,7.8,,,8.116301,1.569379,1.843,-0.029409999,-0.018229999,0.428,,92.455,,59.0
MP,Basic Materials,6.87,Bueno,5/6,2.1,1.9,9.7,7.2,7.8,,,52.810547,4.9444547,-2273.39,-0.04167,-0.20482999,1.186,,44.018,,94.5
TEO,Communication Services,6.85,Bueno,6/6,3.2,7.2,9.5,3.1,8.8,2.3,23.418182,15.406698,1.0139483,1.996,0.052270003,0.03925,0.305,4.391,71.681,0.34,64.7
BIIB,Healthcare,6.82,Bueno,5/6,4.5,8.3,5.1,9.1,9.7,,23.318623,13.030047,1.7142925,9.655,0.077010006,0.13805,0.019,0.311,35.181,,55.5
FMX,Consumer Defensive,6.81,Bueno,6/6,3.9,6.4,7.7,6.5,6.6,9.2,29.294643,24.290165,3.650118,2.531,0.12437,0.03336,0.061,1.678,87.583,5.21,19.8
DECK,Consumer Cyclical,6.78,Bueno,5/6,8.6,6.0,5.0,9.9,7.4,,14.428775,12.207335,5.672285,9.703,0.40859002,0.18714,0.096,-0.048,15.01,,10.5
AKO-B,Consumer Defensive,6.77,Bueno,6/6,5.9,7.3,5.4,8.4,8.1,8.1,16.295813,18.637726,0.025945846,,0.23485,0.0854,0.041,0.253,82.529,4.62,25.1
NIO,Consumer Cyclical,6.77,Bueno,5/6,1.7,1.9,10.0,3.1,9.2,,,28.821573,19.219772,-36.393,-0.83959,-0.09086,1.122,,183.304,,61.8
SBS,Utilities,6.75,Bueno,6/6,8.5,7.1,5.7,7.5,8.0,4.0,11.857142,10.487364,2.417099,3.48,0.21233,0.22026,0.183,0.154,117.841,0.58,26.3
CEG,Utilities,6.75,Bueno,6/6,6.0,4.5,10.0,7.5,3.0,5.5,22.529974,19.174887,2.8064024,14.742,0.16104999,0.12693,0.638,10.91,66.428,0.65,-10.4
XME,,6.75,Bueno,3/6,,6.0,,,10.0,1.0,20.391438,,2.4756546,,,,,,,0.31,89.2
NUE,Basic Materials,6.74,Bueno,6/6,5.4,4.3,8.2,6.9,8.1,3.2,22.699106,13.396906,2.4265652,12.181,0.12285,0.06824,0.213,3.821,31.595,0.93,95.1
NEM,Basic Materials,6.73,Bueno,6/6,8.8,6.1,6.6,7.1,6.7,4.2,12.258106,8.325918,2.9035332,6.093,0.25832,0.3387,0.458,0.786,15.762,1.08,90.5
BK,Financial Services,6.72,Bueno,6/6,6.5,5.2,7.3,8.0,8.8,1.2,17.01737,14.225132,2.3863044,,0.13472,0.28722,0.134,0.418,,0.0153,56.3
DELL,Technology,6.72,Bueno,6/6,3.5,6.1,9.1,2.6,9.0,3.5,33.039074,19.357712,-191.54414,19.855,,0.062750004,0.875,2.825,,0.63,244.6
AVGO,Technology,6.72,Bueno,6/6,8.5,4.3,7.9,4.7,7.0,3.7,61.868774,19.202631,20.208899,42.341,0.37280998,0.38848,0.479,0.854,74.018,0.71,66.8
AEM,Basic Materials,6.71,Bueno,6/6,8.6,5.2,7.5,9.0,4.5,4.6,14.490105,10.641133,2.9258175,7.945,0.22298001,0.39457,0.661,1.086,1.215,1.14,55.1
CAT,Industrials,6.71,Bueno,6/6,8.1,2.3,7.8,4.6,9.4,1.9,51.501247,34.291702,25.489372,34.294,0.51331,0.13328,0.222,0.302,230.793,0.65,130.1
VRTX,Healthcare,6.7,Bueno,5/6,8.5,3.4,7.5,9.5,4.2,,29.652819,23.270521,6.558894,23.979,0.24197,0.35507,0.078,0.614,10.26,,0.5
SMCI,Technology,6.7,Bueno,5/6,4.1,8.3,9.5,4.9,3.9,,14.815789,8.875618,2.234659,16.639,0.17877,0.03701,1.227,3.26,120.798,,-3.1
JMIA,Consumer Cyclical,6.69,Bueno,5/6,1.2,1.2,9.4,4.6,9.8,,,-19.397058,62.21698,-13.463,-1.5473801,-0.30788,0.394,,77.043,,80.6
SCCO,Basic Materials,6.69,Bueno,6/6,9.5,1.7,6.3,5.8,8.4,6.4,28.502539,24.521864,11.923131,16.386,0.46343,0.34131,0.362,0.667,62.412,2.34,100.9
TS,Energy,6.66,Bueno,6/6,6.8,2.8,5.8,9.8,8.9,5.7,14.731579,13.67995,3.3063612,19.06,0.11625,0.16173,0.061,0.137,2.73,3.18,66.1
NEE,Utilities,6.66,Bueno,6/6,6.5,3.5,7.1,3.5,9.0,7.0,22.502539,20.147207,3.3480608,21.081,0.10325,0.29369,0.073,1.6,156.686,2.81,28.0
ANET,Technology,6.65,Bueno,5/6,7.9,3.7,6.7,7.7,6.6,,56.19863,36.840477,15.320699,43.92,0.31520998,0.38317,0.351,0.25,,,55.9
BLK,Financial Services,6.64,Bueno,6/6,5.0,5.5,8.5,8.1,4.5,6.5,23.895346,15.576109,2.6032286,15.299,0.118990004,0.24396999,0.27,0.459,23.635,2.38,1.4
ING,Financial Services,6.63,Bueno,6/6,8.1,7.7,4.1,8.0,7.9,8.4,12.530121,9.954916,1.5504333,,0.16565001,0.34228,0.029,0.137,,4.11,45.9
TSLA,Consumer Cyclical,6.62,Bueno,5/6,4.3,1.5,7.1,9.4,8.6,,374.4,164.60037,18.808056,126.007,0.04901,0.03946,0.158,0.083,18.738,,34.7
XLK,,6.62,Bueno,3/6,,5.5,,,10.0,1.0,36.94828,,1.2414048,,,,,,,0.4,53.0
ADI,Technology,6.6,Bueno,6/6,5.5,5.2,7.9,5.4,7.1,5.1,58.213966,26.505112,5.6555943,31.504,0.09639,0.26007998,0.372,1.105,25.81,1.14,75.7
MS,Financial Services,6.6,Bueno,6/6,6.1,3.9,7.6,5.0,8.2,5.0,19.164705,16.576351,3.200006,,0.16388,0.24753,0.163,0.319,502.246,1.89,51.4
URBN,Consumer Cyclical,6.59,Bueno,5/6,5.8,7.1,6.8,7.7,5.9,,13.742308,10.631254,2.3431814,9.373,0.18732001,0.07476,0.114,0.121,46.143,,0.2
F,Consumer Cyclical,6.59,Bueno,6/6,2.4,6.0,7.3,2.8,9.6,9.0,,7.66655,1.4932439,25.609,-0.14813,-0.03216,0.064,4.308,425.544,4.25,69.4
PEP,Consumer Defensive,6.57,Bueno,6/6,7.4,6.1,7.5,3.3,5.5,7.8,21.736675,15.247619,8.872113,12.586,0.43879002,0.09149,0.085,0.278,244.837,4.19,13.2
ABNB,Consumer Cyclical,6.57,Bueno,5/6,8.3,2.7,7.1,7.7,5.7,,36.33827,24.249983,11.467196,29.37,0.32325,0.19902,0.179,0.06,33.185,,-0.9
SNA,Industrials,6.55,Bueno,6/6,7.3,5.7,5.5,9.5,6.1,7.9,20.555212,18.706738,3.4630663,14.348,0.18202,0.19601,0.052,0.04,21.731,2.46,22.6
META,Communication Services,6.54,Bueno,6/6,8.9,4.2,8.3,7.5,4.0,3.2,20.450745,15.521729,5.859623,12.829,0.32930002,0.32837,0.331,0.624,35.608,0.38,-13.6
BKR,Energy,6.54,Bueno,6/6,7.6,3.4,6.4,6.6,9.6,2.3,17.990416,20.23487,2.8915477,11.723,0.17184,0.11171,0.025,1.325,82.935,1.63,69.5
ABEV,Consumer Defensive,6.54,Bueno,6/6,6.2,8.7,3.3,7.8,9.6,8.9,16.684212,14.498056,2.8425183,1.279,0.17251,0.1766,-0.001,0.024,3.42,4.79,37.4
EFA,,6.5,Bueno,3/6,,8.0,,,6.0,6.0,18.377989,,1.4276055,,,,,,,3.1,19.4
GILD,Healthcare,6.5,Bueno,6/6,9.0,6.5,6.1,6.4,6.1,4.9,17.187756,13.055988,6.6724763,11.606,0.4336,0.30993,0.044,0.548,94.635,2.56,23.8
IWM,,6.5,Bueno,3/6,,8.0,,,8.0,2.0,19.990446,,1.3672072,,,,,,,0.87,35.9
SPXL,,6.5,Bueno,3/6,,4.0,,,10.0,2.0,25.241936,,,,,,,,,0.52,67.3
URA,,6.5,Bueno,3/6,,2.0,,,8.0,8.0,32.88166,,,,,,,,,4.1,37.0
DAL,Industrials,6.49,Bueno,6/6,5.7,7.5,7.3,3.9,8.5,2.3,13.59781,11.565649,2.987044,9.882,0.2499,0.068670005,0.129,,105.021,0.84,69.7
BABA,Consumer Cyclical,6.43,Bueno,6/6,6.2,8.3,6.3,7.9,6.9,3.1,14.738425,10.576505,1.4165713,2.285,0.092159994,0.1012,0.029,1.041,25.014,1.11,8.9
HAL,Energy,6.43,Bueno,6/6,6.2,5.1,5.9,6.6,10.0,2.7,18.823204,11.641137,2.6390395,8.417,0.14626999,0.06947,-0.003,1.335,74.651,1.99,94.2
TTE,Energy,6.43,Bueno,6/6,6.1,8.5,6.6,4.9,4.8,9.1,11.523739,7.8137417,1.4487698,5.48,0.12512,0.08201,0.034,0.571,51.304,5.49,48.1
YUM,Consumer Cyclical,6.42,Bueno,6/6,9.0,4.1,7.9,1.4,6.3,4.8,25.563814,21.197021,-5.9839664,18.565,,0.20481001,0.152,0.722,,1.92,1.8
VIV,Communication Services,6.42,Bueno,6/6,5.0,7.4,6.1,6.1,6.4,9.1,17.460527,12.864698,1.5671477,1.642,0.092480004,0.10502,0.074,0.182,28.478,7.02,21.2
KO,Consumer Defensive,6.41,Bueno,6/6,8.8,3.2,7.5,6.2,6.2,2.9,25.982704,23.719097,10.571264,23.239,0.43372002,0.278,0.121,0.182,124.943,2.57,14.8
BB,Technology,6.41,Bueno,5/6,3.8,3.5,7.8,5.6,7.7,,124.799995,54.600338,9.742389,70.449,0.08104,0.10305,0.256,2.163,29.453,,96.5
LRCX,Technology,6.4,Bueno,6/6,9.0,2.5,6.5,5.9,8.9,1.8,77.384186,51.312435,48.54797,60.28,0.66762,0.30938998,0.238,0.408,35.282,0.27,228.5
KB,Financial Services,6.4,Bueno,6/6,6.1,6.1,6.3,6.0,6.6,7.2,9.788405,8.278998,3.9262624,,0.09991,0.36583,0.152,0.168,,3.19,23.8
PBI,Industrials,6.39,Bueno,6/6,5.3,8.5,6.1,2.2,8.2,7.4,17.23077,10.24,-2.7761426,8.758,,0.089209996,-0.032,1.053,,2.21,52.3
ISRG,Healthcare,6.34,Bueno,5/6,7.5,2.1,8.0,10.0,2.9,,49.388077,34.44569,8.233517,35.756,0.17232999,0.28152,0.23,0.188,,,-20.4
GS,Financial Services,6.34,Bueno,6/6,7.2,4.5,6.7,4.1,8.1,4.5,18.633791,15.48225,2.8635507,,0.14548,0.29363,0.145,0.242,678.596,1.77,50.8
TJX,Consumer Cyclical,6.33,Bueno,6/6,8.1,2.7,6.7,4.5,8.2,4.1,29.422178,26.258945,16.064373,20.408,0.6125,0.09402,0.092,0.293,136.307,1.24,26.8
UL,Consumer Defensive,6.33,Bueno,6/6,7.8,6.0,9.0,3.6,2.1,6.2,20.816326,16.019405,7.538198,14.498,0.30955,0.18749,,,160.789,3.76,-14.8
SOFI,Financial Services,6.32,Bueno,5/6,2.6,4.3,9.1,7.1,4.9,,40.422226,22.415558,2.1559796,,0.06597,0.14761,0.425,1.012,17.724,,6.1
LAC,Basic Materials,6.31,Bueno,4/6,2.7,8.6,,6.9,7.5,,,-20.591284,0.9757044,-34.581,-0.04987,0.0,,,46.801,,94.4
CVS,Healthcare,6.29,Bueno,6/6,2.8,8.0,7.3,3.8,8.4,4.4,45.229256,12.354832,1.7022762,12.967,0.037520003,0.00723,0.061,0.631,100.912,2.55,37.7
FDX,Industrials,6.29,Bueno,6/6,3.9,7.5,5.8,6.5,8.8,4.9,17.361828,15.6998625,2.476389,8.958,0.14846,0.0468,0.125,-0.046,135.694,1.53,82.7
TWLO,Technology,6.28,Bueno,5/6,2.6,4.6,7.8,7.9,6.3,,305.80002,29.981976,3.8841233,63.205,0.01317,0.019609999,0.2,3.75,13.722,,53.3
ZM,Technology,6.28,Bueno,5/6,7.6,7.9,4.8,9.1,5.6,,12.686303,13.676011,2.5954382,13.197,0.21948,0.41987,0.055,0.742,0.604,,30.3
BMY,Healthcare,6.28,Bueno,6/6,7.2,7.9,4.5,4.5,7.4,9.1,16.39916,9.494502,5.9569592,8.087,0.38731998,0.15006,0.026,0.092,230.967,4.38,29.5
PBR,Energy,6.26,Bueno,6/6,9.1,9.6,3.8,2.9,6.6,10.0,5.217949,3.957864,1.2279177,2.114,0.25601,0.21599,0.004,-0.072,83.269,10.82,55.6
USO,,6.25,Bueno,3/6,,5.0,,,10.0,0.0,32.399395,,1.5497055,,,,,,,0.0,76.6
BAC,Financial Services,6.25,Bueno,6/6,5.7,7.0,6.0,9.0,5.8,5.4,14.361041,11.376391,1.4968704,,0.10644,0.28956,0.081,0.244,,1.94,11.3
IJH,,6.25,Bueno,3/6,,7.0,,,8.0,2.0,22.479448,,0.29412553,,,,,,,1.19,21.6
XLU,,6.25,Bueno,3/6,,7.0,,,6.0,6.0,21.177835,,0.71917486,,,,,,,2.68,11.1
JPM,Financial Services,6.24,Bueno,6/6,7.8,5.2,6.1,9.0,5.2,4.7,15.775007,13.979691,2.5669298,,0.16465001,0.33936,0.127,0.172,,1.82,6.3
USB,Financial Services,6.22,Bueno,6/6,6.5,6.9,4.7,8.0,6.8,7.5,12.84696,10.831161,1.6325226,,0.123500004,0.29294002,0.046,0.148,,3.41,24.9
MDT,Healthcare,6.2,Bueno,6/6,4.7,7.7,7.1,8.3,3.2,7.9,21.69169,12.632024,2.0940526,12.293,0.098409995,0.13203,0.099,0.183,58.214,3.56,-12.2
BG,Consumer Defensive,6.2,Bueno,6/6,2.4,7.7,5.7,7.5,10.0,3.2,28.731579,10.014768,1.3201935,16.772,0.04933,0.00848,0.878,-0.764,93.214,2.61,57.9
MCD,Consumer Cyclical,6.19,Bueno,6/6,9.8,4.6,6.0,4.3,5.3,6.9,22.012766,18.79714,-147.64365,16.504,,0.31618,0.094,0.069,,2.76,-2.6
ARM,Technology,6.18,Bueno,5/6,4.9,1.6,6.3,8.8,8.0,,409.0238,111.32243,44.122253,332.41,0.119540006,0.18374,0.201,0.479,5.926,,113.5
TIMB,Communication Services,6.18,Bueno,6/6,7.1,7.4,5.4,4.4,5.8,8.6,12.546512,9.935177,2.1761117,1.897,0.17724001,0.1602,0.065,0.032,68.548,6.69,10.9
TX,Basic Materials,6.18,Bueno,6/6,4.3,7.5,6.0,7.1,5.1,9.3,14.506667,7.6582103,0.7152601,8.292,0.03227,0.0366,0.0,2.181,18.239,4.95,65.0
AZN,Healthcare,6.16,Bueno,6/6,7.0,4.2,6.7,5.0,7.8,3.1,28.797886,23.7396,6.248323,15.892,0.23482999,0.17188999,0.125,0.053,71.815,1.68,35.2
BKNG,Consumer Cyclical,6.15,Bueno,6/6,9.5,5.4,8.8,3.5,2.8,2.0,24.032938,14.825622,-16.308449,13.853,,0.22227,0.162,2.4,,0.89,-26.0
HSBC,Financial Services,6.15,Bueno,6/6,6.8,5.0,3.0,9.0,9.3,8.2,15.717354,10.053349,7.477833,,0.11611,0.34977,0.033,0.026,,4.0,61.8
NFLX,Communication Services,6.15,Bueno,5/6,9.2,3.0,8.2,5.5,2.2,,23.800001,19.20149,9.985113,22.074,0.48494998,0.28521,0.162,0.864,53.788,,-35.0
QCOM,Technology,6.14,Bueno,6/6,7.3,6.7,5.0,5.2,6.9,7.5,20.292473,17.210655,7.326656,15.777,0.36083,0.22308001,-0.035,1.73,55.979,1.94,61.1
TXN,Technology,6.11,Bueno,6/6,7.5,4.0,5.7,5.6,6.2,7.8,48.800003,29.820284,15.484081,31.011,0.32347,0.29108,0.186,0.313,83.741,1.99,51.8
TM,Consumer Cyclical,6.09,Bueno,6/6,5.6,6.3,5.3,5.7,7.1,7.9,9.389589,10.859316,14.452312,6.187,0.10233,0.07592,0.019,0.232,107.061,3.65,10.3
EA,Communication Services,6.08,Bueno,6/6,5.9,2.9,7.5,6.0,7.0,2.8,58.418804,21.353102,7.600356,33.899,0.1349,0.11778,0.119,0.853,27.41,0.37,26.8
SHOP,Technology,6.05,Bueno,5/6,4.2,3.4,7.7,9.4,4.3,,111.97059,48.96421,11.884496,68.007,0.11311,0.10771,0.343,,1.432,,4.5
GLNG,Energy,6.01,Bueno,6/6,6.8,2.6,10.0,5.7,1.8,3.1,38.488373,46.257908,2.6453197,26.415,0.08901,0.30103,1.201,8.825,127.188,2.01,22.9
JOYY,Communication Services,6.01,Bueno,6/6,4.2,6.7,4.3,8.1,7.3,9.5,15.121559,10.389794,0.50888795,15.167,0.03264,0.10358,0.124,-0.972,0.784,7.2,39.7
BP,Energy,6.01,Bueno,6/6,2.3,3.9,8.8,4.4,4.4,8.7,30.116936,9.111737,6.883237,12.868,0.05842,0.01663,0.116,4.745,96.384,5.38,45.4
JCI,Industrials,6.01,Bueno,6/6,5.8,3.7,7.1,6.1,6.7,3.4,42.948013,24.409065,6.3386893,21.595,0.13449,0.14452,0.082,0.389,70.317,1.16,27.3
GLD,,6.0,Bueno,3/6,,8.0,,,8.0,0.0,,,2.167695,,,,,,,0.0,38.5
IEUR,,6.0,Bueno,3/6,,6.0,,,6.0,6.0,17.748234,,,,,,,,,2.77,16.1
IBB,,6.0,Bueno,3/6,,7.0,,,8.0,1.0,24.566006,,1.1741524,,,,,,,0.23,36.4
GLW,Technology,5.99,Bueno,6/6,4.9,3.0,6.9,4.1,9.2,2.9,122.89905,60.212273,19.629118,50.921,0.1674,0.1109,0.2,1.389,80.363,0.51,248.2
ETSY,Consumer Cyclical,5.97,Bueno,5/6,7.1,4.6,3.5,8.4,8.8,,30.51341,12.168327,-6.6471915,20.628,,0.09811,0.031,,,,35.4
BBD,Financial Services,5.96,Bueno,6/6,5.7,9.6,3.9,6.0,6.3,9.3,8.737499,6.21488,1.0688244,,0.13366,0.25358,0.105,-0.075,,5.01,19.8
NTES,Communication Services,5.96,Bueno,6/6,8.7,5.1,4.9,9.2,4.9,5.5,16.58023,12.200857,17.04784,5.971,0.22128001,0.29839,0.061,0.031,6.469,2.44,-5.7
PDD,Consumer Cyclical,5.95,Bueno,5/6,8.0,7.9,4.9,9.8,3.3,,8.056842,6.2277527,1.7253468,-3.329,0.254,0.21620001,0.11,-0.149,1.21,,-19.7
GE,Industrials,5.94,Bueno,6/6,8.4,2.3,6.9,4.8,7.0,1.4,46.46144,43.023125,21.583752,35.877,0.45428002,0.17863001,0.247,-0.018,116.527,0.51,27.9
SDA,Consumer Cyclical,5.93,Bueno,5/6,3.5,7.3,9.2,6.1,1.2,,Infinity,4.99625,2.4596922,13.271,0.03073,-0.0055299997,0.279,,91.777,,-68.0
V,Financial Services,5.92,Bueno,6/6,9.8,2.7,8.0,5.0,3.5,1.9,29.786398,22.98545,18.326897,21.371,0.60349,0.51679003,0.171,0.355,67.233,0.8,-5.6
SPOT,Communication Services,5.92,Bueno,5/6,8.2,1.9,7.6,8.6,1.9,,31.59877,25.558949,10.420867,36.293,0.37987998,0.15449001,0.082,2.224,5.943,,-35.6
MRK,Healthcare,5.91,Bueno,6/6,5.7,5.9,4.5,4.8,9.4,5.3,36.445072,13.534124,6.964901,12.238,0.18944,0.13586001,0.049,,106.936,2.64,54.0
O,Real Estate,5.91,Bueno,6/6,4.5,4.3,6.0,7.0,6.0,8.0,51.67213,36.622845,1.501596,17.365,0.02831,0.18899,0.12,0.179,73.467,5.15,12.3
GSK,Healthcare,5.91,Bueno,6/6,8.0,7.5,3.8,2.7,8.1,7.4,14.120321,10.095449,4.504002,10.563,0.40905997,0.17782,0.015,0.084,109.7,3.43,36.5
ITUB,Financial Services,5.91,Bueno,6/6,8.2,7.2,3.2,8.0,7.2,6.1,10.386076,8.222431,2.2402802,,0.21816,0.33278,-0.021,0.114,,2.11,32.6
TGS,Energy,5.91,Bueno,6/6,8.3,6.4,6.6,8.3,1.4,6.1,15.233502,10.763023,1.8142579,-0.234,0.1434,0.24672002,0.132,0.124,43.851,3.19,13.9
SCHW,Financial Services,5.89,Bueno,6/6,8.6,4.8,7.6,3.6,3.8,3.3,18.001987,12.476009,3.7057502,,0.19083,0.37986,0.158,0.386,120.766,1.41,-1.7
CCJ,Energy,5.83,Bueno,6/6,6.1,1.4,7.4,9.4,5.5,1.4,99.45193,55.22341,9.052997,50.8,0.095979996,0.18389,0.071,0.875,14.311,0.17,52.1
AAL,Industrials,5.83,Bueno,5/6,2.8,8.6,6.7,1.6,7.3,,57.80645,7.919252,-2.9072032,9.482,,0.00361,0.108,,,,30.5
NMR,Financial Services,5.83,Bueno,6/6,3.7,6.5,6.1,4.1,6.5,7.9,11.851352,15.660715,1.099561,,0.1007,0.16705999,0.275,0.041,984.203,3.69,23.3
GRMN,Technology,5.83,Bueno,6/6,6.3,6.1,4.8,8.8,5.0,7.0,26.11285,22.637653,4.8627787,19.55,0.19899,0.23261,0.142,0.215,2.331,1.81,13.4
AMAT,Technology,5.82,Bueno,6/6,8.3,3.1,5.0,6.0,8.5,2.1,65.16323,42.62513,23.067013,53.554,0.39692003,0.29314,0.114,0.335,30.399,0.34,147.5
JNJ,Healthcare,5.81,Bueno,6/6,7.8,3.6,4.3,6.0,9.0,3.6,29.951334,20.307041,7.662072,18.819,0.26416,0.21834,0.099,-0.529,67.73,2.1,51.5
BTI,Consumer Defensive,5.8,Bueno,6/6,6.8,4.8,2.6,5.8,9.2,9.6,13.667756,11.939699,11.218289,60.677,0.15824,0.30316,0.001,,72.842,5.32,37.2
RTX,Industrials,5.76,Bueno,6/6,3.6,4.6,6.8,6.5,6.4,4.4,35.080524,24.71395,3.8062053,18.806,0.11571,0.080290005,0.087,0.325,57.229,1.47,26.2
VOD,Communication Services,5.76,Bueno,5/6,2.5,7.2,,4.5,7.6,6.9,,8.562269,1.0830402,12.04,0.0010899999,-0.00981,,,100.153,3.98,43.4
XLP,,5.75,Bueno,3/6,,7.0,,,5.0,6.0,25.389458,,1.2375141,,,,,,,2.62,4.5
XLB,,5.75,Bueno,3/6,,7.0,,,6.0,4.0,25.592257,,0.6403418,,,,,,,1.71,18.2
IP,Consumer Cyclical,5.75,Bueno,6/6,1.9,7.5,7.3,6.6,3.0,9.3,,14.309348,1.3667727,7.249,-0.16036,-0.13767,0.134,,65.904,4.77,-25.1
IVV,,5.75,Bueno,3/6,,5.0,,,8.0,2.0,26.779608,,1.727476,,,,,,,1.06,24.2
RIO,Basic Materials,5.75,Bueno,6/6,6.7,5.4,4.2,4.8,7.0,8.6,15.5082245,10.603628,2.4631019,8.453,0.16399999,0.17291,0.146,-0.056,35.432,4.29,92.0
VOO,,5.75,Bueno,3/6,,5.0,,,8.0,2.0,26.577785,,1.7423642,,,,,,,1.03,24.1
XLV,,5.75,Bueno,3/6,,7.0,,,6.0,4.0,25.925743,,1.2631233,,,,,,,1.68,13.1
AMGN,Healthcare,5.74,Bueno,6/6,8.7,4.6,4.9,3.3,6.5,6.6,25.090466,15.358094,21.173948,14.108,1.01318,0.20955999,0.058,0.044,623.754,2.81,25.2
NG,Basic Materials,5.74,Bueno,4/6,2.3,2.1,,7.6,9.2,,,-25.394047,6.260417,-80.164,-0.24628,0.0,,,41.407,,109.5
TRV,Financial Services,5.73,Bueno,6/6,6.3,6.6,6.3,4.6,5.6,3.5,9.900954,11.621107,2.2058864,6.785,0.25272,0.15537,0.01,3.576,28.975,1.53,10.4
CSCO,Technology,5.72,Bueno,6/6,6.4,5.2,5.3,3.0,7.3,6.5,39.233334,24.640285,9.49117,27.329,0.25229,0.19685,0.12,0.371,67.541,1.48,79.4
XRX,Industrials,5.72,Bueno,6/6,1.5,8.6,9.1,3.2,1.3,8.7,,3.4250646,1.3867017,12.161,-1.15359,-0.14087,0.267,,840.454,3.02,-36.2
SLB,Energy,5.7,Bueno,6/6,6.4,3.9,4.6,7.2,8.1,4.0,20.431719,13.8602495,2.6489234,10.602,0.14066,0.09263,0.027,-0.138,42.515,2.51,63.9
HMC,Consumer Cyclical,5.68,Bueno,6/6,2.9,8.6,5.3,5.8,4.9,9.7,,5.497984,0.484414,9.897,-0.028499998,-0.019450001,0.086,,113.568,4.96,-6.4
WFC,Financial Services,5.67,Bueno,6/6,5.6,7.1,5.0,9.0,4.2,6.3,12.907265,10.560953,1.569914,,0.12028,0.26742,0.057,0.151,,2.15,-0.3
WB,Communication Services,5.66,Bueno,6/6,6.5,9.5,3.3,7.3,4.3,10.0,5.0769234,4.916101,0.45014882,2.033,0.10436,0.21147,0.062,-0.659,47.435,8.47,-11.7
FMCC,Financial Services,5.65,Bueno,5/6,8.8,1.3,7.7,5.5,2.1,,Infinity,Infinity,-1.558735,,0.16864,0.5028,0.158,,4613.29,,-22.8
BCS,Financial Services,5.65,Bueno,6/6,4.6,8.9,3.8,8.0,7.5,4.2,11.791667,7.9126587,1.0958964,,0.09552,0.26768,0.039,0.081,,1.72,34.6
PHG,Healthcare,5.65,Bueno,6/6,4.0,7.0,5.6,6.4,4.5,8.3,23.86842,13.336927,1.9967885,14.984,0.08364,0.054980002,-0.047,0.972,70.914,3.74,14.3
OKLO,Utilities,5.64,Bueno,4/6,2.0,4.0,,10.0,7.0,,,-63.281116,3.476542,-37.73,-0.08866999,0.0,,,0.099,,21.0
CRESY,Industrials,5.62,Bueno,6/6,6.7,5.5,3.9,7.6,4.9,9.6,5.7040815,166.86568,0.886945,15.888,0.16041,0.18038,0.05,-0.263,69.055,5.61,18.7
TV,Communication Services,5.61,Bueno,6/6,1.8,8.6,5.5,6.4,6.7,6.0,,9.22561,0.26870623,2.965,-0.07596,-0.14476,-0.031,2.273,84.875,3.41,21.5
ORLY,Consumer Cyclical,5.61,Bueno,5/6,8.2,3.0,6.7,1.6,5.1,,29.36808,24.925495,-70.32762,20.242,,0.14303,0.102,0.161,,,-3.6
COST,Consumer Defensive,5.6,Bueno,6/6,5.2,1.9,8.8,7.7,3.2,1.4,47.547966,41.840973,25.39514,30.511,0.29152,0.0301,0.215,0.455,60.257,0.62,-2.4
TGT,Consumer Defensive,5.6,Bueno,6/6,4.8,7.3,4.0,4.7,8.5,5.9,17.690884,15.008119,3.7099009,9.528,0.22015,0.03243,0.067,-0.247,117.548,3.31,33.7
VZ,Communication Services,5.59,Bueno,6/6,6.5,7.3,4.7,1.9,6.1,8.2,10.756098,8.373778,1.7824663,7.596,0.17198,0.12462,0.029,0.043,192.045,6.08,20.6
ORCL,Technology,5.59,Bueno,6/6,8.0,6.5,5.6,2.5,4.5,6.2,25.301369,13.532275,11.331288,18.655,0.53376,0.25368,0.206,0.219,388.87,1.35,8.5
SE,Consumer Cyclical,5.58,Bueno,5/6,5.5,4.4,7.4,8.4,1.6,,36.594486,17.53724,4.4228206,19.555,0.14856,0.06363,0.466,0.031,27.612,,-43.4
AMX,Communication Services,5.57,Bueno,6/6,6.2,6.1,4.9,2.4,7.9,5.0,16.20606,12.722065,3.811073,2.125,0.21128,0.09227,0.021,0.258,170.868,2.24,43.7
SNY,Healthcare,5.57,Bueno,6/6,4.9,9.4,4.2,6.7,3.9,9.6,19.302223,8.214085,1.2625276,9.219,0.06576,0.15954,0.06,-0.117,27.372,5.63,-3.7
PM,Consumer Defensive,5.57,Bueno,6/6,8.9,4.2,5.8,4.8,4.0,5.1,25.756338,20.041296,-30.713804,17.76,,0.26742,0.091,-0.093,,3.25,0.7
UNP,Industrials,5.56,Bueno,6/6,9.0,4.4,5.3,4.1,4.3,6.6,22.425987,19.82719,8.33741,15.08,0.40686,0.29202,0.032,0.062,162.246,2.06,16.7
PANW,Technology,5.56,Bueno,5/6,3.4,3.0,7.1,5.2,5.9,,286.2069,80.59485,9.755524,166.459,0.048309997,0.07947,0.311,,7.698,,40.4
NXE,Energy,5.55,Bueno,4/6,1.6,2.1,,7.6,9.2,,,-56.075794,5.369879,-64.091,-0.29612,0.0,,,42.466,,66.6
PFE,Healthcare,5.55,Bueno,6/6,4.2,9.4,4.1,5.7,4.9,10.0,18.614504,8.619075,1.5423782,7.478,0.083100006,0.118310004,0.054,-0.101,71.602,7.08,15.8
EDN,Utilities,5.54,Bueno,5/6,4.5,8.9,4.8,7.5,5.0,,5.41841,9.119719,0.6538163,0.808,0.14657,0.10347,0.0,1.475,45.354,,0.4
HMY,Basic Materials,5.54,Bueno,6/6,8.2,7.7,5.0,4.2,3.5,6.8,9.8,4.547904,3.0019479,0.518,0.33491,0.20055,0.195,0.227,25.469,2.62,33.3
BHP,Basic Materials,5.52,Bueno,6/6,7.5,3.8,4.6,3.8,6.2,7.8,20.280397,14.776019,4.1157217,8.612,0.24712999,0.18972999,0.108,0.275,52.639,3.28,88.5
UPST,Financial Services,5.52,Bueno,5/6,2.2,4.5,9.5,6.4,1.2,,85.439026,10.228812,4.573107,47.772,0.07008,0.042090002,0.446,,269.844,,-47.8
IVW,,5.5,Bueno,3/6,,5.0,,,8.0,1.0,30.12433,,1.8341179,,,,,,,0.35,27.9
TQQQ,,5.5,Bueno,3/6,,1.0,,,10.0,1.0,39.57086,,,,,,,,,0.37,104.6
STNE,Technology,5.5,Bueno,5/6,6.9,9.7,5.6,3.3,3.3,,4.093985,4.479788,1.12362,1.242,0.307,0.25945,0.043,2.738,133.64,,-9.8
PAC,Industrials,5.5,Regular,6/6,9.0,2.7,5.3,5.5,2.8,9.1,22.627556,17.176788,1255.4828,87.48,0.37581003,0.30436,0.028,0.157,226.335,3.49,4.8
IVE,,5.5,Bueno,3/6,,6.0,,,6.0,4.0,23.551733,,1.5622292,,,,,,,1.52,18.1
ACWI,,5.5,Bueno,3/6,,4.0,,,8.0,2.0,22.995872,,,,,,,,,1.38,24.4
FXI,,5.5,Bueno,3/6,,10.0,,,3.0,6.0,9.180287,,0.78600454,,,,,,,2.63,-3.6
SMH,,5.5,Bueno,3/6,,1.0,,,10.0,1.0,42.616386,,,,,,,,,0.18,115.8
TCOM,Consumer Cyclical,5.5,Bueno,6/6,8.2,8.3,5.0,8.5,3.5,1.3,6.0,9.386248,1.0664878,-1.266,0.20143999,0.48646,0.172,-0.397,18.816,0.57,-19.2
QQQ,,5.5,Bueno,3/6,,5.0,,,8.0,1.0,33.244957,,2.0238476,,,,,,,0.38,35.2
PINS,Communication Services,5.49,Regular,5/6,4.2,4.7,7.8,7.9,1.6,,45.583332,9.796108,4.4033003,33.159,0.0887,0.07643,0.178,,42.273,,-44.1
ASML,Technology,5.49,Regular,6/6,8.5,1.9,4.6,6.0,7.8,2.6,63.98607,38.975945,1704.9281,3024.081,0.52236,0.29713,0.132,0.192,12.989,0.49,104.2
TMO,Healthcare,5.48,Regular,6/6,6.2,4.9,6.3,6.1,5.5,1.4,27.809998,18.580736,3.623757,20.422,0.13523,0.15151,0.062,0.113,82.903,0.37,20.9
GPRK,Energy,5.48,Regular,6/6,8.1,8.3,4.5,2.1,7.4,1.9,8.68868,3.525359,2.0362592,3.634,0.22567,0.11743,-0.065,0.44,216.493,1.0,58.1
PATH,Technology,5.44,Regular,5/6,5.8,6.8,5.4,7.6,3.6,,17.8,11.774824,2.9212255,34.229,0.18181999,0.19578,0.173,,4.362,,-8.4
SBUX,Consumer Cyclical,5.42,Regular,6/6,4.2,1.7,6.7,2.2,7.4,5.8,79.43512,34.5596,-14.007269,26.306,,0.03888,0.088,0.326,,2.37,10.5
MSFT,Technology,5.39,Regular,6/6,8.2,6.8,5.4,4.6,3.5,4.5,21.964838,19.029018,6.607921,15.276,0.34013999,0.39341998,0.183,0.234,30.271,0.98,-8.5
HOOD,Financial Services,5.39,Regular,5/6,8.8,1.9,4.8,4.6,5.9,,49.43204,34.683716,9.848163,,0.21461001,0.41123,0.151,0.027,140.483,,13.6
WMT,Consumer Defensive,5.38,Regular,6/6,5.2,3.0,6.3,5.1,7.0,1.8,40.4947,34.87767,9.672519,22.127,0.24132,0.03135,0.073,0.194,74.816,0.86,20.0
BA,Industrials,5.36,Regular,5/6,6.5,1.7,7.6,3.4,3.4,,85.18651,51.338898,28.279541,-61.584,1.69947,0.024600001,0.14,,828.696,,7.7
AVY,Consumer Cyclical,5.36,Regular,6/6,6.7,5.6,5.2,4.5,4.5,6.2,18.378378,14.61568,5.4385495,11.204,0.30857,0.0766,0.07,0.043,164.751,2.41,-7.9
TEM,Healthcare,5.35,Regular,5/6,1.8,1.7,9.4,5.7,2.6,,,-546.63916,25.101164,-58.086,-0.81581,-0.22205,0.361,,316.647,,-20.6
EFX,Industrials,5.35,Regular,6/6,5.5,6.2,7.9,4.0,1.6,4.0,27.956789,15.436369,4.1647615,12.514,0.1437,0.11123,0.143,0.34,113.353,1.41,-35.4
LOW,Consumer Cyclical,5.34,Regular,6/6,5.6,5.4,5.6,3.8,5.5,5.2,18.544342,16.290863,-13.2876425,13.219,,0.075100005,0.103,-0.007,,2.25,-2.3
MA,Financial Services,5.34,Regular,6/6,9.7,3.1,6.9,3.4,3.3,1.7,29.510712,22.373276,67.271645,21.129,2.32076,0.45876,0.158,0.212,282.059,0.7,-9.7
T,Communication Services,5.34,Regular,6/6,7.6,7.6,4.1,3.5,4.6,7.3,7.3468013,8.559044,1.3858367,7.287,0.18370001,0.16938,0.029,-0.113,125.175,4.89,-7.8
VALE,Basic Materials,5.32,Regular,6/6,5.3,7.7,3.6,3.1,5.9,10.0,22.772726,7.4550614,1.7287222,1.969,0.068390004,0.072620004,0.027,0.22,57.146,8.35,81.7
AAPL,Technology,5.32,Regular,6/6,8.8,4.0,5.0,3.1,6.5,2.4,34.108955,29.320671,38.80716,26.155,1.4147099,0.27152002,0.166,0.218,79.548,0.38,55.8
BRK-B,Financial Services,5.32,Regular,5/6,4.0,1.9,6.8,8.8,3.6,,14.755429,23.094816,0.0009809529,-2.25,0.10499,0.19305,0.044,1.196,17.669,,-2.3
BSBR,Financial Services,5.32,Regular,6/6,5.1,10.0,2.7,6.0,5.1,10.0,16.328125,5.46611,0.39907116,,0.10467,0.2816,0.004,0.033,,6.55,6.2
EQNR,Energy,5.31,Regular,6/6,4.9,6.4,4.5,5.7,5.1,7.4,14.090497,7.974392,3.5678277,4.638,0.12361,0.05296,-0.053,0.292,72.996,4.9,51.1
FCX,Basic Materials,5.28,Regular,6/6,6.1,3.4,6.4,5.8,4.3,3.5,32.60582,15.595698,4.5402637,11.085,0.15630999,0.10344,0.088,1.531,33.008,0.96,53.3
PG,Consumer Defensive,5.27,Regular,6/6,8.2,5.3,5.9,5.4,2.5,4.0,21.692984,20.950556,6.4286647,14.884,0.31112,0.19162,0.074,0.058,67.651,2.86,-7.6
E,Energy,5.25,Regular,6/6,2.9,7.7,2.8,5.3,8.5,8.3,20.615044,8.551683,1.2248214,7.877,0.059109997,0.029679999,-0.126,0.01,67.357,5.3,64.6
DIA,,5.25,Regular,3/6,,7.0,,,6.0,2.0,24.761179,,1.4565012,,,,,,,1.37,18.1
XLF,,5.25,Regular,3/6,,7.0,,,5.0,4.0,16.948559,,1.5792105,,,,,,,1.54,0.5
RSP,,5.25,Regular,3/6,,7.0,,,6.0,2.0,23.050962,,1.43773,,,,,,,1.49,16.9
MRVL,Technology,5.24,Regular,6/6,6.1,3.2,4.2,6.6,8.6,1.5,95.44673,44.984276,13.350798,86.58,0.16028,0.28986,0.276,-0.804,28.97,0.09,166.4
MDLZ,Consumer Defensive,5.24,Regular,6/6,3.9,5.4,7.4,4.1,2.9,5.5,29.77723,17.762856,2.9985046,18.824,0.101610005,0.06638,0.082,0.413,83.793,3.29,-6.7
VST,Utilities,5.23,Regular,6/6,7.5,4.0,7.8,3.5,2.0,2.5,27.153847,14.785677,17.588821,11.323,0.42898,0.11525,0.434,,355.187,0.56,-17.0
IBN,Financial Services,5.21,Regular,6/6,6.2,4.7,6.7,8.0,2.2,2.2,18.572784,15.363874,2.7305067,,0.16359,0.24929,0.669,0.084,,0.84,-21.4
MUFG,Financial Services,5.2,Regular,6/6,5.9,4.9,2.0,9.0,7.7,6.8,15.259542,19.407768,1.638917,,0.11911,0.28508,,,,2.45,36.4
CRWD,Technology,5.19,Regular,5/6,2.3,1.6,6.8,5.9,6.0,,,119.03224,40.808018,2946.49,-0.0024899999,-0.00598,0.256,,17.568,,46.4
KOF,Consumer Defensive,5.18,Regular,6/6,4.6,8.5,2.8,7.7,5.9,7.0,,12.683151,2.8566208,3.956,0.15825,0.07879,0.011,-0.155,65.236,3.96,13.6
OXY,Energy,5.12,Regular,6/6,5.5,6.3,5.5,6.6,3.6,3.6,66.33784,12.258893,1.5877995,6.598,0.04053,0.22421,-0.083,3.156,41.989,2.08,35.1
NVS,Healthcare,5.11,Regular,6/6,8.2,4.6,2.9,3.1,7.1,7.0,22.577364,15.923941,7.807669,14.705,0.34929,0.23921,-0.007,-0.093,120.734,3.05,28.9
AAP,Consumer Cyclical,5.1,Regular,6/6,3.6,6.3,3.6,5.4,8.4,4.5,55.07143,15.384961,1.6723152,11.304,0.030840002,0.0050999997,0.012,-0.025,255.31,1.61,32.1
ANF,Consumer Cyclical,5.1,Regular,5/6,7.4,7.9,3.2,6.3,4.7,,8.647002,7.556601,2.9644244,5.755,0.39224,0.093439996,0.015,-0.075,95.464,,-6.6
AXP,Financial Services,5.08,Regular,6/6,6.6,3.1,6.0,5.3,4.4,2.6,21.259514,16.90924,6.836858,,0.34419,0.16305,0.116,0.176,177.847,1.12,0.8
CL,Consumer Defensive,5.07,Regular,6/6,8.3,3.3,5.6,3.3,4.8,2.5,35.802326,22.848196,510.3315,16.372,3.6357698,0.10041001,0.084,-0.059,1640.535,2.3,4.2
CRWV,Technology,5.06,Regular,5/6,1.4,5.1,9.2,1.1,2.5,,,-97.95697,10.677474,28.298,-0.40673,-0.25566,1.116,,738.538,,-31.5
SHEL,Energy,5.06,Regular,6/6,4.9,8.2,5.0,6.6,2.1,6.6,11.976635,8.307152,1.2488225,5.481,0.10697,0.07014,0.007,0.266,43.324,4.08,23.1
PAGS,Technology,5.0,Regular,6/6,4.4,9.7,2.8,5.7,4.1,10.0,6.4857144,4.8505363,0.8992008,0.308,0.14518,0.107939996,0.015,0.122,17.59,11.47,3.4
XLY,,5.0,Regular,3/6,,6.0,,,6.0,2.0,29.185991,,0.6971843,,,,,,,0.74,11.2
SPGI,Financial Services,5.0,Regular,6/6,7.2,4.4,6.4,4.8,2.6,2.4,25.858227,18.36777,3.879446,17.52,0.13939999,0.30361998,0.104,0.325,38.392,0.95,-18.9
XLRE,,5.0,Regular,3/6,,2.0,,,6.0,6.0,33.089474,,,,,,,,,3.18,8.9
SPHQ,,5.0,Regular,3/6,,2.0,,,8.0,2.0,28.915411,,,,,,,,,1.05,21.0
ESGU,,5.0,Regular,3/6,,2.0,,,8.0,2.0,26.815815,,,,,,,,,0.92,24.0
NGG,Utilities,4.99,Regular,6/6,5.0,3.5,4.0,4.5,6.0,8.5,19.433876,12.691216,9.666445,76.963,0.08406,0.18324,0.02,0.144,121.294,3.9,14.1
NET,Technology,4.99,Regular,5/6,1.9,1.3,7.5,3.6,5.5,,,154.41237,56.425922,-2293.553,-0.05876,-0.037249997,0.335,,230.859,,24.6
GGB,Basic Materials,4.98,Regular,6/6,3.9,8.7,3.4,6.7,4.8,7.1,25.843752,7.264606,0.8032748,1.975,0.03066,0.02369,-0.038,0.379,29.024,3.07,60.0
STLA,Consumer Cyclical,4.98,Regular,6/6,1.7,9.9,4.7,4.6,3.2,10.0,,3.1731927,0.25529066,-33.002,-0.30152,-0.13866,0.065,,78.657,10.58,-20.4
HPQ,Technology,4.95,Regular,6/6,3.2,9.3,3.9,1.9,5.0,9.7,8.385185,7.5216193,-144.20381,5.96,,0.044460002,0.09,0.162,,5.24,13.4
SNAP,Communication Services,4.95,Regular,5/6,1.8,7.1,6.9,5.7,2.5,,,6.0141673,3.5952766,-35.873,-0.18648,-0.06722,0.121,,201.585,,-34.3
PCAR,Industrials,4.92,Regular,6/6,4.4,5.1,4.3,8.6,5.2,3.4,25.501066,17.632654,3.1857653,21.751,0.13108,0.08913,-0.089,0.197,76.163,1.16,19.0
CMCSA,Communication Services,4.92,Regular,6/6,7.5,8.5,3.5,3.2,3.1,7.8,4.7490196,6.417237,0.98140115,4.755,0.20918,0.15004,0.053,-0.326,106.858,5.7,-21.6
XP,Financial Services,4.9,Regular,6/6,7.8,8.0,4.8,4.1,2.8,2.8,8.539267,6.903825,1.7956383,,0.22944,0.28849,0.097,0.089,677.346,1.24,-16.6
FNMA,Financial Services,4.9,Regular,5/6,8.2,1.3,6.0,5.8,1.9,,686.0,Infinity,-0.29102325,,0.13672,0.53004,-0.044,9.835,3703.659,,-25.8
CRM,Technology,4.89,Regular,6/6,5.5,8.0,5.8,2.1,2.8,4.8,18.30475,10.182501,3.7790964,12.44,0.16908,0.18733,0.133,0.522,124.282,1.11,-29.7
JD,Consumer Cyclical,4.87,Regular,6/6,4.2,9.2,2.8,6.8,4.1,8.3,18.566175,5.9175835,1.0874941,0.699,0.06004,0.0104600005,0.049,-0.507,38.478,3.94,-9.7
TMUS,Communication Services,4.86,Regular,6/6,6.5,5.5,5.4,3.0,3.4,4.6,18.48778,12.448266,3.3806841,9.335,0.18024999,0.116459996,0.106,-0.12,218.569,2.23,-18.8
AIG,Financial Services,4.86,Regular,6/6,2.9,9.2,4.8,5.3,2.9,7.0,13.226233,8.441894,0.9908336,4.768,0.07723,0.118389994,0.014,0.216,22.647,2.65,-11.8
HOG,Consumer Cyclical,4.86,Regular,6/6,4.9,7.8,1.3,8.1,6.7,7.2,12.559586,12.762597,0.83276075,7.821,0.07115,0.053379998,-0.118,-0.794,71.433,2.92,4.9
RIOT,Financial Services,4.86,Regular,5/6,1.3,3.6,3.9,5.7,9.5,,,-46.992477,4.3915176,-35.124,-0.32486,-1.3276199,0.036,,36.63,,139.9
INFY,Technology,4.85,Regular,6/6,6.2,6.8,3.2,6.7,2.6,9.2,13.39375,12.100919,8.862697,19.098,0.31439,0.16434999,0.066,0.118,9.827,4.86,-30.7
GM,Consumer Cyclical,4.85,Regular,6/6,4.1,8.4,2.5,4.1,9.4,2.4,28.229927,5.492114,1.1134783,9.667,0.040149998,0.0137600005,-0.009,-0.158,199.048,0.92,68.7
CCL,Consumer Cyclical,4.85,Regular,6/6,7.2,6.8,4.0,2.0,6.1,2.7,13.144144,11.08431,3.0871775,8.732,0.26689,0.11237001,0.053,-0.065,201.556,1.03,0.9
RACE,Consumer Cyclical,4.83,Regular,6/6,9.2,2.1,4.4,8.4,2.6,3.6,36.111767,30.124994,14.096524,27.352,0.41968,0.22187,0.032,0.013,72.246,1.15,-29.9
IBM,Technology,4.83,Regular,6/6,6.5,6.1,3.9,1.9,4.4,8.1,24.593805,20.650694,7.9215007,18.867,0.35772,0.15606,0.095,0.142,211.169,2.49,5.4
MELI,Consumer Cyclical,4.83,Regular,5/6,6.3,2.6,6.3,4.6,2.4,,44.45668,28.785969,11.719573,23.252,0.31258,0.060370002,0.49,-0.156,169.977,,-33.8
AEG,Financial Services,4.8,Regular,6/6,3.2,8.1,1.6,7.8,6.1,9.5,12.330883,9.055076,1.477868,,0.10421,0.080129996,-0.137,-0.467,56.935,5.52,16.2
PSX,Energy,4.8,Regular,6/6,5.5,4.9,4.1,4.2,5.9,4.4,17.181639,9.9970255,2.4461029,13.061,0.14547,0.03066,0.069,-0.568,91.385,2.96,52.5
ABBV,Healthcare,4.8,Regular,6/6,3.9,4.6,4.9,2.4,5.8,6.1,123.97561,15.5997095,-67.46748,17.088,,0.05786,0.124,-0.462,,2.73,23.3
PKX,Basic Materials,4.79,Regular,6/6,3.6,6.9,4.5,4.3,4.0,7.5,29.131147,9.443087,1.7307447,3.951,0.01125,0.011829999,0.025,0.545,49.969,3.25,47.5
SIEGY,Industrials,4.79,Regular,6/6,4.4,4.3,3.3,6.6,5.8,7.0,28.196724,21.072865,3.2846217,24.412,0.12593001,0.09688,0.0,-0.086,76.352,2.08,21.7
KMB,Consumer Defensive,4.78,Regular,6/6,8.5,5.5,4.5,2.5,1.4,8.5,21.259188,14.527792,20.312328,12.828,1.11727,0.12798999,0.027,0.179,371.264,4.68,-21.0
BIDU,Communication Services,4.78,Regular,5/6,2.8,8.4,1.9,6.8,8.5,,,12.327376,0.9646831,1.533,0.00319,0.01023,-0.012,-0.593,32.2,,57.1
LMT,Industrials,4.77,Regular,6/6,6.8,4.9,3.3,3.7,4.6,8.3,24.304117,15.641176,15.413531,16.984,0.6764,0.06382,0.003,-0.115,276.365,2.72,18.0
SNOW,Technology,4.77,Regular,5/6,1.4,1.8,7.5,2.4,5.2,,,93.66683,44.96962,-76.426,-0.54869,-0.23786,0.335,,142.912,,14.8
ASR,Industrials,4.76,Regular,6/6,7.5,7.7,3.2,8.3,1.9,5.3,16.701782,12.174495,3.8325381,1.892,0.17817,0.26231,0.008,-0.2,71.523,1.86,-5.3
MOS,Basic Materials,4.76,Regular,6/6,3.2,7.1,5.9,3.6,1.5,8.2,160.35715,11.573418,0.6045184,6.396,0.0059399996,0.0036199999,0.144,,48.19,3.93,-32.2
ERIC,Technology,4.75,Regular,6/6,5.6,8.4,1.4,3.9,6.7,8.4,14.480519,16.461695,0.36211878,,0.27007,0.108950004,-0.103,-0.785,38.097,2.86,59.2
INTC,Technology,4.75,Regular,5/6,1.9,4.1,3.2,5.4,9.6,,,84.70957,5.939487,47.324,-0.02911,-0.05904,0.072,,36.028,,405.4
XLI,,4.75,Regular,3/6,,5.0,,,6.0,2.0,31.738512,,1.8576567,,,,,,,1.18,18.6
DD,Basic Materials,4.74,Regular,6/6,2.9,4.3,4.5,7.0,5.4,5.3,119.10526,17.288887,1.3212541,13.815,0.00896,-0.00419,0.043,,22.594,1.75,71.8
IREN,Financial Services,4.73,Regular,5/6,3.7,2.5,2.4,6.4,9.8,,59.62338,-48.840427,5.875352,126.539,0.07729,0.20877,0.0,,148.804,,353.9
HD,Consumer Cyclical,4.67,Regular,6/6,8.1,3.5,4.1,2.4,3.9,6.5,24.880766,21.785225,25.191866,16.435,1.2838,0.08411,0.048,-0.043,459.356,2.67,-12.4
RBLX,Communication Services,4.66,Regular,5/6,1.3,1.3,9.7,2.2,1.3,,,-42.778767,89.983444,-33.234,-3.11935,-0.2069,0.393,,435.036,,-55.2
KEP,Utilities,4.66,Regular,6/6,5.0,8.9,2.8,2.5,4.0,10.0,2.8189068,3.21834,0.48721555,4.76,0.18671,0.08923,0.007,0.071,255.55,4.35,-7.6
NOK,Technology,4.63,Regular,6/6,2.9,5.8,2.0,6.1,8.8,5.6,81.4375,26.768288,3.0305085,27.729,0.037249997,0.039809998,0.024,,15.63,1.26,189.7
ADP,Technology,4.62,Regular,6/6,8.0,6.0,3.0,3.0,2.9,8.6,20.96645,18.450085,14.192796,14.279,0.71208,0.20118,0.07,0.105,69.259,3.04,-26.6
UPS,Industrials,4.62,Regular,6/6,5.6,6.5,2.4,5.0,4.0,10.0,17.505672,13.497268,5.6511273,9.702,0.33353,0.05943,-0.016,-0.272,181.508,6.07,12.7
DHR,Healthcare,4.62,Regular,6/6,4.6,4.8,4.8,8.1,3.6,2.3,37.360466,20.93387,2.5766525,19.263,0.0708,0.14887999,0.037,0.098,37.17,0.82,-7.0
ABT,Healthcare,4.62,Regular,6/6,5.5,5.9,4.4,6.9,2.0,5.7,25.969189,15.302694,3.10181,16.299,0.123339996,0.13904999,0.078,-0.197,64.773,2.68,-35.0
ENB,Energy,4.58,Regular,6/6,5.5,2.7,5.7,1.9,2.5,7.9,26.758455,24.536247,2.953399,14.136,0.10127,0.1,0.208,-0.262,160.133,5.0,27.3
VRSN,Technology,4.58,Regular,6/6,9.6,5.3,3.1,1.3,4.0,5.9,27.899448,24.098997,-10.392246,20.902,,0.49958,0.066,0.114,,1.27,0.0
YELP,Communication Services,4.57,Regular,5/6,6.2,7.4,3.3,7.0,2.8,,11.298164,5.8307586,2.1821566,6.61,0.20446,0.09466,0.008,-0.167,24.549,,-33.5
DTEGY,Communication Services,4.53,Regular,6/6,4.9,6.6,3.0,4.0,5.2,6.4,13.781553,10.223396,1.9025986,7.472,0.14428,0.07222,0.004,-0.272,161.874,3.9,-5.3
SYY,Consumer Defensive,4.52,Regular,6/6,6.0,5.6,3.8,4.8,4.4,3.6,23.166668,16.828358,17.49528,11.632,0.81894994,0.02079,0.047,-0.135,670.44,2.66,3.0
BX,Financial Services,4.51,Regular,6/6,6.9,3.2,3.9,4.3,2.4,8.6,29.458973,15.24731,10.780708,,0.29533002,0.21213,0.057,0.039,72.022,4.31,-19.8
XLC,,4.5,Regular,3/6,,6.0,,,5.0,2.0,16.411333,,,,,,,,,1.21,7.7
ITA,,4.5,Regular,3/6,,1.0,,,8.0,1.0,36.65672,,,,,,,,,0.46,25.4
ADBE,Technology,4.47,Regular,5/6,8.4,8.3,3.5,2.6,2.2,,11.809497,7.4958844,7.1510715,8.432,0.62953997,0.28689,0.127,0.079,61.443,,-32.8
SWKS,Technology,4.46,Regular,6/6,3.6,8.5,1.7,6.4,4.7,8.9,28.212498,13.179023,1.766225,10.995,0.06171,0.08931,-0.01,-0.449,20.632,4.18,8.9
PSO,Communication Services,4.46,Regular,6/6,4.3,4.8,3.2,7.0,5.5,4.2,23.268656,14.985629,2.049503,18.832,0.08708999,0.09365,0.032,-0.357,40.513,2.2,1.7
COP,Energy,4.46,Regular,6/6,6.4,6.2,2.9,7.6,2.9,5.3,17.661016,11.312597,1.9668912,6.256,0.112840004,0.12331,-0.053,-0.202,36.143,3.17,30.6
UNH,Healthcare,4.45,Regular,6/6,4.2,4.3,3.5,4.0,6.8,4.0,31.660633,20.057781,3.8945067,20.626,0.121759996,0.02678,0.02,0.007,73.982,2.17,25.6
ACN,Technology,4.45,Regular,6/6,5.3,9.0,2.6,5.0,2.1,9.5,9.960063,8.49862,2.3925097,6.085,0.24406,0.10656,0.056,0.09,25.035,5.06,-36.6
INTU,Technology,4.45,Regular,6/6,6.4,8.2,3.6,4.8,1.3,6.7,16.263737,9.749402,3.5418468,11.443,0.22496,0.21907,0.104,0.107,33.448,1.79,-57.0
LOMA,Basic Materials,4.43,Regular,5/6,4.6,6.5,4.1,6.1,2.9,,55.047623,14.147769,1.6409057,1.528,0.03375,0.04246,0.011,0.44,25.588,,5.8
XOM,Energy,4.42,Regular,6/6,4.8,4.8,3.8,6.2,4.0,4.9,22.905724,12.5900345,2.1920764,10.923,0.09873,0.077649996,0.026,-0.434,18.261,3.02,37.0
DIS,Communication Services,4.42,Regular,6/6,5.5,5.8,4.3,4.1,3.7,3.7,15.7808,13.152893,1.5832223,11.148,0.1101,0.1154,0.065,-0.298,41.069,1.52,-16.2
SPCE,Industrials,4.39,Regular,5/6,2.0,9.7,1.3,4.1,9.1,,,-6.0932646,1.069869,-1.81,-1.04511,0.0,-0.508,,164.809,,126.4
CX,Basic Materials,4.38,Regular,6/6,4.5,5.9,3.5,3.1,6.5,2.8,34.728573,13.596197,1.3401324,7.8,0.038340002,0.02744,0.112,-0.675,46.389,0.8,89.3
CAH,Healthcare,4.34,Regular,6/6,2.6,4.6,5.2,3.7,5.2,2.7,36.12538,19.693584,-19.605013,15.238,,0.0062,0.11,-0.195,,0.86,18.5
HON,Industrials,4.33,Regular,6/6,6.5,6.0,2.7,4.6,3.7,6.1,18.165869,9.962599,5.310766,20.359,0.24264,0.1089,0.024,-0.419,257.387,2.05,8.5
TEAM,Technology,4.25,Regular,5/6,1.9,4.8,7.3,1.8,1.7,,,12.752381,13.227637,114.711,-0.19288999,-0.03502,0.317,,141.408,,-47.0
PYPL,Financial Services,4.2,Regular,6/6,6.1,8.2,3.6,5.8,1.5,3.1,8.326454,7.7096395,1.9770136,6.299,0.25120002,0.14997,0.072,-0.062,58.28,1.26,-38.9
CVX,Energy,4.18,Regular,6/6,3.6,5.3,3.2,6.4,3.2,7.0,29.292173,13.340535,1.8129076,10.131,0.06638,0.059270002,0.023,-0.445,23.989,4.16,32.2
BMA,Financial Services,4.18,Regular,6/6,3.5,4.7,1.2,4.0,7.0,9.8,23.693094,9.349541,16.651121,,0.10824,0.075780004,-0.996,,,5.82,31.0
NSANY,Consumer Cyclical,4.17,Regular,5/6,2.4,7.5,2.2,5.9,6.5,,,4.4186044,0.22370373,22.376,-0.09856,-0.0444,-0.017,,170.177,,3.7
DEO,Consumer Defensive,4.16,Regular,6/6,6.0,3.8,3.3,6.3,1.8,7.4,19.218245,13.107139,71.82263,139.111,0.19716999,0.12189,-0.04,0.029,177.377,3.97,-14.9
MMM,Industrials,4.16,Regular,6/6,8.3,4.5,2.8,5.0,2.2,5.7,31.355213,17.144306,25.962276,14.888,0.71458,0.11137,0.013,-0.397,396.497,1.9,2.6
SAP,Technology,4.14,Regular,6/6,5.4,7.5,2.7,5.1,1.9,7.3,21.847672,15.912116,3.464851,15.399,0.16350001,0.19584,0.06,0.093,17.331,1.89,-39.2
NKE,Consumer Cyclical,4.12,Regular,6/6,5.2,4.6,2.3,7.7,2.2,8.6,27.289474,23.162832,4.3571424,16.425,0.16016,0.04836,0.001,-0.348,79.333,4.02,-34.7
DOCU,Technology,4.12,Regular,5/6,4.4,7.5,3.9,4.5,2.4,,29.246754,8.836969,4.778273,20.652,0.16440001,0.09592,0.087,0.176,10.075,,-32.6
WBD,Communication Services,4.1,Regular,5/6,2.2,4.0,1.9,3.4,9.7,,,713.9474,2.087726,12.835,-0.049590003,-0.04665,-0.01,,96.318,,139.0
UBER,Technology,4.08,Regular,5/6,6.5,6.3,3.1,3.6,3.0,,18.73449,17.085932,6.2119465,23.148,0.3531,0.15907,0.145,-0.846,48.113,,-23.1
MSI,Technology,4.07,Regular,6/6,7.7,4.6,2.7,2.3,3.7,5.4,33.227642,22.266327,26.938982,21.637,0.99289,0.1761,0.074,-0.138,374.132,1.2,-3.3
VIG,,4.0,Regular,3/6,,2.0,,,6.0,2.0,26.33347,,,,,,,,,1.47,16.0
GLOB,Technology,3.99,Regular,5/6,3.2,9.7,3.6,5.6,1.5,,12.227642,4.542503,0.6105631,4.136,0.05204,0.04458,-0.007,0.25,21.118,,-55.7
MSTR,Technology,3.96,Regular,5/6,2.1,7.5,4.3,7.8,1.1,,,20.771141,0.874744,-3.136,-0.30756,0.0,0.119,,18.094,,-60.6
NOW,Technology,3.92,Regular,5/6,4.8,5.2,4.3,4.1,1.9,,59.505955,19.887838,8.79089,34.165,0.1607,0.12586,0.221,0.023,20.728,,-39.2
LND,Consumer Defensive,3.9,Regular,6/6,1.8,9.2,1.4,8.4,3.6,6.6,,,0.89224285,-11.127,-0.0070200004,-0.01575,-0.155,,70.741,3.95,-1.6
CMG,Consumer Cyclical,3.83,Regular,5/6,8.5,2.8,3.7,2.4,1.8,,30.243118,24.300795,17.61892,20.46,0.49231997,0.119619995,0.074,-0.179,217.885,,-42.1
SUZ,Basic Materials,3.8,Regular,6/6,8.2,8.6,2.0,5.1,1.8,1.4,4.3579545,5.1824327,1.0173246,4.095,0.26295,0.22961001,-0.051,-0.319,202.354,0.01,-13.1
BBAR,Financial Services,3.76,Regular,6/6,2.4,5.8,2.2,4.0,5.4,5.6,18.894232,16.540403,1.5218774,,0.07146,0.07131,0.008,-0.246,,2.02,9.1
CIBR,,3.75,Regular,3/6,,2.0,,,6.0,1.0,33.197575,,,,,,,,,0.46,18.3
IFF,Basic Materials,3.75,Regular,6/6,5.3,4.3,2.7,4.3,2.6,6.0,23.68421,15.890788,1.3826385,13.535,0.060510002,0.076570004,-0.036,,45.701,2.1,5.3
SONY,Technology,3.74,Regular,6/6,3.0,8.3,2.6,5.0,3.2,4.0,19.273586,17.168066,2.4050405,0.007,0.12336001,-0.02619,0.083,-0.574,19.513,0.8,-17.1
XYZ,Technology,3.74,Regular,5/6,2.8,6.9,2.2,5.1,4.8,,60.953125,15.64706,2.115567,29.887,0.03743,0.03297,0.049,,37.514,,11.5
HDB,Financial Services,3.71,Regular,6/6,6.2,2.6,2.8,8.0,1.7,3.8,18.239437,17.582209,10.69773,,0.13818,0.26834,-0.018,0.075,,1.63,-37.2
DE,Industrials,3.71,Regular,6/6,6.1,3.3,2.9,5.4,3.1,2.7,35.497055,27.429613,6.174495,23.82,0.18349001,0.10104,-0.111,-0.085,376.022,1.06,7.0
ECL,Basic Materials,3.65,Regular,6/6,7.0,1.6,3.9,2.4,2.4,3.9,37.64324,29.005909,7.8366055,21.927,0.22427,0.12798999,0.1,0.078,92.369,1.03,-3.5
CAR,Industrials,3.54,Regular,5/6,1.9,4.0,4.9,2.8,2.5,,,18.613052,-1.6040603,21.743,,-0.056760002,0.041,,,,4.0
GGAL,Financial Services,3.52,Regular,6/6,1.9,5.3,1.4,4.0,4.7,8.8,141.38889,7.78134,14.060972,,0.00899,0.011360001,-0.147,-0.658,,4.32,2.9
EL,Consumer Defensive,3.47,Flojo,6/6,1.4,4.5,3.0,5.2,5.1,2.1,,24.91904,7.1948905,15.027,-0.05949,-0.01672,0.046,-0.455,232.908,1.74,12.7
TRIP,Consumer Cyclical,3.46,Flojo,5/6,3.6,6.8,2.0,4.6,3.7,,127.545456,8.700182,2.6160731,12.906,0.02937,0.00992,-0.04,,199.792,,-14.3
DOW,Basic Materials,3.43,Flojo,6/6,2.0,5.0,1.9,3.5,3.7,8.9,,13.045062,1.3201305,14.288,-0.15262,-0.07244,-0.061,,117.133,4.82,34.1
SUPV,Financial Services,3.42,Flojo,5/6,1.6,9.1,3.2,2.0,3.1,,,7.2234964,1.1532451,,-0.07753,-0.10413,0.011,,,,-11.3
SH,,3.33,Flojo (poca data),2/6,,,,,1.0,8.0,,,,,,,,,,4.52,-14.7
PSQ,,3.33,Flojo (poca data),2/6,,,,,1.0,8.0,,,,,,,,,,5.2,-22.6
ARKK,,3.25,Flojo,3/6,,1.0,,,6.0,0.0,47.734688,,,,,,,,,0.0,17.3
LI,Consumer Cyclical,3.25,Flojo,5/6,3.1,7.4,1.6,8.8,1.4,,,11.607394,1.1682172,-47.303,-0.02495,-0.0166,-0.114,,25.122,,-45.4
SID,Basic Materials,3.21,Flojo,5/6,2.2,8.8,3.0,2.0,2.1,,,-6.2765517,0.48793212,5.72,-0.08274,-0.04492,-0.028,,323.932,,-3.6
HIMS,Healthcare,2.99,Flojo,5/6,2.3,1.7,3.9,4.8,1.6,,,37.483147,17.249224,98.744,-0.026589999,-0.00559,0.038,,253.725,,-47.5
BAK,Basic Materials,2.97,Flojo,5/6,1.8,2.2,3.9,1.5,3.2,,,-4.7013173,-0.33068165,16.336,,-0.13682,-0.204,1.072,,,26.8
XPEV,Consumer Cyclical,2.97,Flojo,5/6,2.7,4.7,1.2,5.1,4.3,,,22.288368,2.7500708,-3.898,-0.07638,-0.03056,-0.176,,83.214,,-9.3
AI,Technology,2.91,Flojo,5/6,1.1,9.1,1.1,8.6,1.4,,,-19.64983,2.0047543,-1.827,-0.6305,-1.87946,-0.525,,8.976,,-56.2
GT,Consumer Cyclical,2.69,Flojo,5/6,1.7,8.6,1.8,2.8,2.0,,,8.663318,0.63522434,8.163,-0.49976003,-0.11643,-0.087,,253.056,,-41.2
COIN,Financial Services,2.38,Flojo,5/6,2.6,3.3,1.4,6.7,1.4,,55.959408,31.451168,2.9632452,36.708,0.06686,0.12736,-0.308,,59.081,,-46.5
BIOX,Basic Materials,2.31,Flojo,5/6,1.3,10.0,1.3,1.8,1.3,,,0.519375,0.312406,-70.411,-0.3222,-0.96883005,-0.359,,251.046,,-90.1
ACH,Healthcare,2.3,Flojo,5/6,1.5,9.8,1.3,1.3,1.3,,,5.01112,-0.56805074,6.45,-1.98354,-0.39844,-0.068,,,,-68.8
IBIT,,0.67,Flojo (poca data),2/6,,,,,1.0,0.0,,,,,,,,,,0.0,-32.0
ETHA,,0.67,Flojo (poca data),2/6,,,,,1.0,0.0,,,,,,,,,,0.0,-20.3
VXX,,0.67,Flojo (poca data),2/6,,,,,1.0,0.0,,,,,,,,,,0.0,-49.8
BITF,,,s/d,0/6,,,,,,,,,,,,,,,,,
BRFS,,,s/d,0/6,,,,,,,,,,,,,,,,,
CAJ,,,s/d,0/6,,,,,,,,,,,,,,,,,
CBD,,,s/d,0/6,,,,,,,,,,,,,,,,,
DESP,,,s/d,0/6,,,,,,,,,,,,,,,,,
EBR,,,s/d,0/6,,,,,,,,,,,,,,,,,
ELP,,,s/d,0/6,,,,,,,,,,,,,,,,,
ERJ,,,s/d,0/6,,,,,,,,,,,,,,,,,
FI,,,s/d,0/6,,,,,,,,,,,,,,,,,
HNP,,,s/d,0/6,,,,,,,,,,,,,,,,,
LAAC,,,s/d,0/6,,,,,,,,,,,,,,,,,
LFC,,,s/d,0/6,,,,,,,,,,,,,,,,,
MMC,,,s/d,0/6,,,,,,,,,,,,,,,,,
ORAN,,,s/d,0/6,,,,,,,,,,,,,,,,,
PARA,,,s/d,0/6,,,,,,,,,,,,,,,,,
PCRFY,,,s/d,0/6,,,,,,,,,,,,,,,,,
TEF,,,s/d,0/6,,,,,,,,,,,,,,,,,
WBA,,,s/d,0/6,,,,,,,,,,,,,,,,,
