ticker,date,coupon,amort
AL29,2026-07-09,0.35,10
AL29,2027-01-09,0.3,10
AL29,2027-07-09,0.25,10
AL29,2028-01-09,0.2,10
AL29,2028-07-09,0.15,10
AL29,2029-01-09,0.1,10
AL29,2029-07-09,0.05,10
GD29,2026-07-09,0.35,10
GD29,2027-01-09,0.3,10
GD29,2027-07-09,0.25,10
GD29,2028-01-09,0.2,10
GD29,2028-07-09,0.15,10
GD29,2029-01-09,0.1,10
GD29,2029-07-09,0.05,10
GD30,2026-07-09,0.27,8
GD30,2027-01-09,0.24,8
GD30,2027-07-09,0.21,8
GD30,2028-01-09,0.42,8
GD30,2028-07-09,0.35,8
GD30,2029-01-09,0.28,8
GD30,2029-07-09,0.21,8
GD30,2030-01-09,0.14,8
GD30,2030-07-09,0.07,8
AL30,2026-07-09,0.27,8
AL30,2027-01-09,0.24,8
AL30,2027-07-09,0.21,8
AL30,2028-01-09,0.42,8
AL30,2028-07-09,0.35,8
AL30,2029-01-09,0.28,8
AL30,2029-07-09,0.21,8
AL30,2030-01-09,0.14,8
AL30,2030-07-09,0.07,8
AL35,2026-07-09,2.06,0
AL35,2027-01-09,2.06,0
AL35,2027-07-09,2.06,0
AL35,2028-01-09,2.38,0
AL35,2028-07-09,2.38,0
AL35,2029-01-09,2.5,0
AL35,2029-07-09,2.5,0
AL35,2030-01-09,2.5,0
AL35,2030-07-09,2.5,0
AL35,2031-01-09,2.5,10
AL35,2031-07-09,2.25,10
AL35,2032-01-09,2.0,10
AL35,2032-07-09,1.75,10
AL35,2033-01-09,1.5,10
AL35,2033-07-09,1.25,10
AL35,2034-01-09,1.0,10
AL35,2034-07-09,0.75,10
AL35,2035-01-09,0.5,10
AL35,2035-07-09,0.25,10
GD35,2026-07-09,2.06,0
GD35,2027-01-09,2.06,0
GD35,2027-07-09,2.06,0
GD35,2028-01-09,2.38,0
GD35,2028-07-09,2.38,0
GD35,2029-01-09,2.5,0
GD35,2029-07-09,2.5,0
GD35,2030-01-09,2.5,0
GD35,2030-07-09,2.5,0
GD35,2031-01-09,2.5,10
GD35,2031-07-09,2.25,10
GD35,2032-01-09,2.0,10
GD35,2032-07-09,1.75,10
GD35,2033-01-09,1.5,10
GD35,2033-07-09,1.25,10
GD35,2034-01-09,1.0,10
GD35,2034-07-09,0.75,10
GD35,2035-01-09,0.5,10
GD35,2035-07-09,0.25,10
AE38,2026-07-09,2.5,0
AE38,2027-01-09,2.5,0
AE38,2027-07-09,2.5,4.55
AE38,2028-01-09,2.38,4.55
AE38,2028-07-09,2.27,4.55
AE38,2029-01-09,2.15,4.55
AE38,2029-07-09,2.04,4.55
AE38,2030-01-09,1.93,4.55
AE38,2030-07-09,1.81,4.55
AE38,2031-01-09,1.7,4.55
AE38,2031-07-09,1.59,4.55
AE38,2032-01-09,1.47,4.55
AE38,2032-07-09,1.36,4.55
AE38,2033-01-09,1.25,4.55
AE38,2033-07-09,1.13,4.55
AE38,2034-01-09,1.02,4.55
AE38,2034-07-09,0.9,4.55
AE38,2035-01-09,0.79,4.55
AE38,2035-07-09,0.68,4.55
AE38,2036-01-09,0.56,4.55
AE38,2036-07-09,0.45,4.55
AE38,2037-01-09,0.34,4.55
AE38,2037-07-09,0.22,4.55
AE38,2038-01-09,0.11,4.55
GD38,2026-07-09,2.5,0
GD38,2027-01-09,2.5,0
GD38,2027-07-09,2.5,4.55
GD38,2028-01-09,2.38,4.55
GD38,2028-07-09,2.27,4.55
GD38,2029-01-09,2.15,4.55
GD38,2029-07-09,2.04,4.55
GD38,2030-01-09,1.93,4.55
GD38,2030-07-09,1.81,4.55
GD38,2031-01-09,1.7,4.55
GD38,2031-07-09,1.59,4.55
GD38,2032-01-09,1.47,4.55
GD38,2032-07-09,1.36,4.55
GD38,2033-01-09,1.25,4.55
GD38,2033-07-09,1.13,4.55
GD38,2034-01-09,1.02,4.55
GD38,2034-07-09,0.9,4.55
GD38,2035-01-09,0.79,4.55
GD38,2035-07-09,0.68,4.55
GD38,2036-01-09,0.56,4.55
GD38,2036-07-09,0.45,4.55
GD38,2037-01-09,0.34,4.55
GD38,2037-07-09,0.22,4.55
GD38,2038-01-09,0.11,4.55
AL41,2026-07-09,1.75,0
AL41,2027-01-09,1.75,0
AL41,2027-07-09,1.75,0
AL41,2028-01-09,1.75,3.57
AL41,2028-07-09,1.69,3.57
AL41,2029-01-09,1.63,3.57
AL41,2029-07-09,1.56,3.57
AL41,2030-01-09,2.09,3.57
AL41,2030-07-09,2.0,3.57
AL41,2031-01-09,1.92,3.57
AL41,2031-07-09,1.83,3.57
AL41,2032-01-09,1.74,3.57
AL41,2032-07-09,1.66,3.57
AL41,2033-01-09,1.57,3.57
AL41,2033-07-09,1.48,3.57
AL41,2034-01-09,1.39,3.57
AL41,2034-07-09,1.31,3.57
AL41,2035-01-09,1.22,3.57
AL41,2035-07-09,1.13,3.57
AL41,2036-01-09,1.05,3.57
AL41,2036-07-09,0.96,3.57
AL41,2037-01-09,0.87,3.57
AL41,2037-07-09,0.78,3.57
AL41,2038-01-09,0.7,3.57
AL41,2038-07-09,0.61,3.57
AL41,2039-01-09,0.52,3.57
AL41,2039-07-09,0.44,3.57
AL41,2040-01-09,0.35,3.57
AL41,2040-07-09,0.26,3.57
AL41,2041-01-09,0.18,3.57
AL41,2041-07-09,0.09,3.57
GD41,2026-07-09,1.75,0
GD41,2027-01-09,1.75,0
GD41,2027-07-09,1.75,0
GD41,2028-01-09,1.75,3.57
GD41,2028-07-09,1.69,3.57
GD41,2029-01-09,1.63,3.57
GD41,2029-07-09,1.56,3.57
GD41,2030-01-09,2.09,3.57
GD41,2030-07-09,2.0,3.57
GD41,2031-01-09,1.92,3.57
GD41,2031-07-09,1.83,3.57
GD41,2032-01-09,1.74,3.57
GD41,2032-07-09,1.66,3.57
GD41,2033-01-09,1.57,3.57
GD41,2033-07-09,1.48,3.57
GD41,2034-01-09,1.39,3.57
GD41,2034-07-09,1.31,3.57
GD41,2035-01-09,1.22,3.57
GD41,2035-07-09,1.13,3.57
GD41,2036-01-09,1.05,3.57
GD41,2036-07-09,0.96,3.57
GD41,2037-01-09,0.87,3.57
GD41,2037-07-09,0.78,3.57
GD41,2038-01-09,0.7,3.57
GD41,2038-07-09,0.61,3.57
GD41,2039-01-09,0.52,3.57
GD41,2039-07-09,0.44,3.57
GD41,2040-01-09,0.35,3.57
GD41,2040-07-09,0.26,3.57
GD41,2041-01-09,0.18,3.57
GD41,2041-07-09,0.09,3.57
GD46,2026-07-09,1.92,2.27
GD46,2027-01-09,1.88,2.27
GD46,2027-07-09,1.83,2.27
GD46,2028-01-09,1.89,2.27
GD46,2028-07-09,1.84,2.27
GD46,2029-01-09,2.05,2.27
GD46,2029-07-09,1.99,2.27
GD46,2030-01-09,1.93,2.27
GD46,2030-07-09,1.88,2.27
GD46,2031-01-09,1.82,2.27
GD46,2031-07-09,1.76,2.27
GD46,2032-01-09,1.71,2.27
GD46,2032-07-09,1.65,2.27
GD46,2033-01-09,1.59,2.27
GD46,2033-07-09,1.54,2.27
GD46,2034-01-09,1.48,2.27
GD46,2034-07-09,1.42,2.27
GD46,2035-01-09,1.37,2.27
GD46,2035-07-09,1.31,2.27
GD46,2036-01-09,1.25,2.27
GD46,2036-07-09,1.2,2.27
GD46,2037-01-09,1.14,2.27
GD46,2037-07-09,1.08,2.27
GD46,2038-01-09,1.03,2.27
GD46,2038-07-09,0.97,2.27
GD46,2039-01-09,0.91,2.27
GD46,2039-07-09,0.86,2.27
GD46,2040-01-09,0.8,2.27
GD46,2040-07-09,0.74,2.27
GD46,2041-01-09,0.68,2.27
GD46,2041-07-09,0.63,2.27
GD46,2042-01-09,0.57,2.27
GD46,2042-07-09,0.51,2.27
GD46,2043-01-09,0.46,2.27
GD46,2043-07-09,0.4,2.27
GD46,2044-01-09,0.34,2.27
GD46,2044-07-09,0.29,2.27
GD46,2045-01-09,0.23,2.27
GD46,2045-07-09,0.17,2.27
GD46,2046-01-09,0.12,2.27
GD46,2046-07-09,0.06,2.27
BPOA7,2026-10-31,2.5,0
BPOA7,2027-04-30,2.5,50
BPOA7,2027-10-31,1.25,50
BPOB7,2026-10-31,2.5,0
BPOB7,2027-04-30,2.5,50
BPOB7,2027-10-31,1.25,50
BPOC7,2026-10-31,2.5,0
BPOC7,2027-04-30,2.5,50
BPOC7,2027-10-31,1.25,50
BPOD7,2026-10-31,2.5,0
BPOD7,2027-04-30,2.5,50
BPOD7,2027-10-31,1.25,50
BPOA8,2026-10-31,1.5,0
BPOA8,2027-04-30,1.5,0
BPOA8,2027-10-31,1.5,0
BPOA8,2028-04-30,1.5,0
BPOA8,2028-10-31,1.5,100
BPOB8,2026-10-31,1.5,0
BPOB8,2027-04-30,1.5,0
BPOB8,2027-10-31,1.5,0
BPOB8,2028-04-30,1.5,0
BPOB8,2028-10-31,1.5,100
YCAMO,2026-07-21,3.48,0
YCAMO,2027-01-21,3.48,0
YCAMO,2027-07-21,3.48,100
YMCXO,2026-09-11,4.38,0
YMCXO,2027-03-11,4.38,0
YMCXO,2027-09-11,4.38,0
YMCXO,2028-03-11,4.38,0
YMCXO,2028-09-11,4.38,0
YMCXO,2029-03-11,4.38,0
YMCXO,2029-09-11,4.38,20
YMCXO,2030-03-11,3.5,0
YMCXO,2030-09-11,3.5,20
YMCXO,2031-03-11,2.63,0
YMCXO,2031-09-11,2.63,60
VSCVO,2026-12-10,4.25,0
VSCVO,2027-06-10,4.25,0
VSCVO,2027-12-10,4.25,0
VSCVO,2028-06-10,4.25,0
VSCVO,2028-12-10,4.25,0
VSCVO,2029-06-10,4.25,0
VSCVO,2029-12-10,4.25,0
VSCVO,2030-06-10,4.25,0
VSCVO,2030-12-10,4.25,0
VSCVO,2031-06-10,4.25,33
VSCVO,2031-12-10,2.85,0
VSCVO,2032-06-10,2.85,33
VSCVO,2032-12-10,1.44,0
VSCVO,2033-06-10,1.45,34
MGCMO,2026-09-10,3.98,0
MGCMO,2027-03-10,3.98,0
MGCMO,2027-09-10,3.98,0
MGCMO,2028-03-10,3.98,0
MGCMO,2028-09-10,3.98,0
MGCMO,2029-03-10,3.98,0
MGCMO,2029-09-10,3.98,0
MGCMO,2030-03-10,3.98,0
MGCMO,2030-09-10,3.98,0
MGCMO,2031-03-10,3.98,0
MGCMO,2031-09-10,3.98,100
MGCOO,2026-12-16,3.94,0
MGCOO,2027-06-16,3.94,0
MGCOO,2027-12-16,3.94,0
MGCOO,2028-06-16,3.94,0
MGCOO,2028-12-16,3.94,0
MGCOO,2029-06-16,3.94,0
MGCOO,2029-12-16,3.94,0
MGCOO,2030-06-16,3.94,0
MGCOO,2030-12-16,3.94,0
MGCOO,2031-06-16,3.94,0
MGCOO,2031-12-16,3.94,0
MGCOO,2032-06-16,3.94,0
MGCOO,2032-12-16,3.94,0
MGCOO,2033-06-16,3.94,0
MGCOO,2033-12-16,3.94,0
MGCOO,2034-06-16,3.94,0
MGCOO,2034-12-16,3.94,100
TSC3O,2026-07-24,4.25,0
TSC3O,2027-01-24,4.25,0
TSC3O,2027-07-24,4.25,0
TSC3O,2028-01-24,4.25,0
TSC3O,2028-07-24,4.25,0
TSC3O,2029-01-24,4.25,0
TSC3O,2029-07-24,4.25,0
TSC3O,2030-01-24,4.25,0
TSC3O,2030-07-24,4.25,0
TSC3O,2031-01-24,4.25,0
TSC3O,2031-07-24,4.25,100
PNXCO,2026-10-30,4.25,0
PNXCO,2027-04-30,4.25,0
PNXCO,2027-10-30,4.25,0
PNXCO,2028-04-30,4.25,0
PNXCO,2028-10-30,4.25,0
PNXCO,2029-04-30,4.25,0
PNXCO,2029-10-30,4.25,0
PNXCO,2030-04-30,4.25,33.33
PNXCO,2030-10-30,2.83,0
PNXCO,2031-04-30,2.83,33.33
PNXCO,2031-10-30,1.42,0
PNXCO,2032-04-30,1.42,33.34
